number,last_name,email
1,Doe,john-doe@bogusemail.com
2,Smith-Robinson,maryjacobs@bogusemail.com
3,Smith,davesmith@bogusemail.com
4,Wright,tomwright@bogusemail.com
5,Robinson,steverobinson@bogusemail.com
6,Jacobs,nicolejacobs@bogusemail.com
7,Wright,kurtwright@bogusemail.com
8,Robinson,kurtrobinson@bogusemail.com
9,Robinson,neilrobinson@bogusemail.com
10,Patterson,tompatterson@bogusemail.com
11,Jenkins,samjenkins@bogusemail.com
12,Stuart,stevestuart@bogusemail.com
13,Patterson,maggiepatterson@bogusemail.com
14,Stuart,maggiestuart@bogusemail.com
15,Patterson,stevepatterson@bogusemail.com
16,Smith,davesmith@bogusemail.com
17,Wilks,samwilks@bogusemail.com
18,Jefferson,kurtjefferson@bogusemail.com
19,Stuart,samstuart@bogusemail.com
20,Davis,davedavis@bogusemail.com
21,Patterson,sampatterson@bogusemail.com
22,Jefferson,tomjefferson@bogusemail.com
23,Jefferson,maggiejefferson@bogusemail.com
24,Wilks,marywilks@bogusemail.com
25,Patterson,neilpatterson@bogusemail.com
26,Davis,coreydavis@bogusemail.com
27,Jacobs,stevejacobs@bogusemail.com
28,Jacobs,johnjacobs@bogusemail.com
29,Smith,neilsmith@bogusemail.com
30,Wilks,coreywilks@bogusemail.com
31,Smith,coreysmith@bogusemail.com
32,Patterson,marypatterson@bogusemail.com
33,Arnold,travisarnold@bogusemail.com
34,Robinson,johnrobinson@bogusemail.com
35,Arnold,travisarnold@bogusemail.com
